City_ID,City,Country,Lat,Lng,Max Temp,Humidity,Cloudiness,Wind Speed,Current Description
0,Port Alfred,ZA,-33.5906,26.891,57.18,89,40,1.01,scattered clouds
1,Saldanha,ZA,-33.0117,17.9442,50.05,81,0,11.52,clear sky
2,Sao Filipe,CV,14.8961,-24.4956,73.74,71,7,16.49,clear sky
3,Lamu,KE,-2.2717,40.902,80.82,82,24,10.2,light rain
4,Longonjo,AO,-12.9067,15.2533,63.88,70,94,3.27,overcast clouds
5,Clyde River,CA,70.4692,-68.5914,-1.97,84,40,10.36,light snow
6,Bluff,NZ,-46.6,168.3333,56.8,70,28,7.92,scattered clouds
7,Hilo,US,19.7297,-155.09,85.28,96,46,1.99,scattered clouds
8,Hobart,AU,-42.8794,147.3294,56.26,86,75,6.91,broken clouds
9,East London,ZA,-33.0153,27.9116,61.79,76,83,10.69,light rain
10,Santa Rosa,PH,14.3122,121.1114,89.11,76,52,12.28,broken clouds
11,Upernavik,GL,72.7868,-56.1549,24.42,77,100,4.47,overcast clouds
12,Puerto Ayora,EC,-0.7393,-90.3518,72.7,86,26,4.29,scattered clouds
13,Rikitea,PF,-23.1203,-134.9692,77.99,72,100,21.16,overcast clouds
14,Vaini,TO,-21.2,-175.2,78.96,65,20,12.66,few clouds
15,Ushuaia,AR,-54.8,-68.3,38.86,81,75,11.5,broken clouds
16,Broome,US,42.2506,-75.833,48.2,85,100,10.36,overcast clouds
17,Mananjary,MG,-21.2167,48.3333,73.26,89,92,10.27,overcast clouds
18,Thompson,CA,55.7435,-97.8558,41.16,22,0,8.05,clear sky
19,Mataura,NZ,-46.1927,168.8643,56.48,90,77,4.05,broken clouds
20,Sisimiut,GL,66.9395,-53.6735,32.72,96,100,12.1,snow
21,Dikson,RU,73.5069,80.5464,9.19,94,88,8.88,overcast clouds
22,Nikolskoye,RU,59.7035,30.7861,35.87,90,86,5.26,overcast clouds
23,Nyurba,RU,63.2842,118.3319,29.95,77,52,3.44,broken clouds
24,New Norfolk,AU,-42.7826,147.0587,55.92,83,100,2.46,overcast clouds
25,Flinders,AU,-34.5833,150.8552,68.18,89,100,7.0,moderate rain
26,Huarmey,PE,-10.0681,-78.1522,68.02,86,100,9.71,overcast clouds
27,Qaanaaq,GL,77.484,-69.3632,12.09,67,81,7.56,broken clouds
28,Arraial Do Cabo,BR,-22.9661,-42.0278,76.26,90,1,15.28,clear sky
29,Provideniya,RU,64.3833,-173.3,28.51,80,75,7.0,broken clouds
30,Aksarayskiy,RU,46.7924,48.0119,60.67,51,88,9.1,overcast clouds
31,Warah,PK,27.4481,67.7978,88.81,13,0,4.76,clear sky
32,Stepnyak,KZ,52.8339,70.7803,50.16,69,100,6.89,overcast clouds
33,Saint-Philippe,RE,-21.3585,55.7679,72.99,83,46,6.62,light rain
34,Brae,GB,60.3964,-1.353,40.84,66,100,6.44,overcast clouds
35,Avarua,CK,-21.2078,-159.775,84.25,79,40,8.05,scattered clouds
36,Busselton,AU,-33.65,115.3333,60.24,77,12,7.47,few clouds
37,Dingle,PH,10.9995,122.6711,84.11,74,100,10.94,overcast clouds
38,Tiksi,RU,71.6872,128.8694,7.12,90,43,1.63,scattered clouds
39,Aklavik,CA,68.2191,-135.0107,31.32,88,100,8.34,overcast clouds
40,Atuona,PF,-9.8,-139.0333,78.69,76,24,21.79,light rain
41,Rundu,NA,-17.9333,19.7667,67.19,47,83,2.93,broken clouds
42,Rodez,FR,44.5,2.5833,50.31,76,0,3.44,clear sky
43,Cairns,AU,-16.9167,145.7667,86.11,71,40,12.66,scattered clouds
44,Port Elizabeth,ZA,-33.918,25.5701,52.11,88,50,7.0,light rain
45,Yellowknife,CA,62.456,-114.3525,46.92,46,40,2.3,scattered clouds
46,Vostok,RU,46.4856,135.8833,31.05,98,100,15.14,snow
47,Alta Floresta,BR,-9.8756,-56.0861,75.02,94,20,2.3,few clouds
48,Longyearbyen,SJ,78.2186,15.6401,-0.56,71,40,10.36,scattered clouds
49,Bay City,US,43.5945,-83.8889,37.62,87,100,11.5,light rain
50,Hithadhoo,MV,-0.6,73.0833,84.49,72,100,6.31,overcast clouds
51,Batetskiy,RU,58.6461,30.3027,30.42,88,10,5.46,clear sky
52,Carlagan,PH,14.975,122.0456,82.9,78,69,9.64,broken clouds
53,Souillac,MU,-20.5167,57.5167,73.78,94,40,6.91,scattered clouds
54,Codrington,AU,-38.2667,141.9667,64.2,66,100,8.23,overcast clouds
55,Pochutla,MX,15.7432,-96.4661,83.82,68,93,5.88,overcast clouds
56,Norman Wells,CA,65.282,-126.8329,42.84,56,40,11.5,scattered clouds
57,Butaritari,KI,3.0707,172.7902,81.21,82,100,17.96,light rain
58,Bubaque,GW,11.2833,-15.8333,78.31,74,6,7.72,clear sky
59,Kempsey,AU,-31.0833,152.8333,72.95,77,63,1.01,broken clouds
60,Pevek,RU,69.7008,170.3133,34.83,66,100,22.97,overcast clouds
61,Cidreira,BR,-30.1811,-50.2056,71.24,92,13,13.67,few clouds
62,Tuktoyaktuk,CA,69.4541,-133.0374,15.8,92,75,6.91,broken clouds
63,Georgetown,MY,5.4112,100.3354,84.13,92,20,4.61,few clouds
64,Okhotsk,RU,59.3833,143.3,30.02,74,96,9.08,overcast clouds
65,Kodiak,US,57.79,-152.4072,45.3,62,16,1.7,few clouds
66,Channagiri,IN,14.0333,75.9333,77.99,67,4,2.91,clear sky
67,Ranong,TH,9.9658,98.6348,76.93,80,100,0.94,overcast clouds
68,Kitui,KE,-1.367,38.0106,63.5,98,100,3.13,light rain
69,Castro,BR,-24.7911,-50.0119,62.78,92,88,4.09,overcast clouds
70,Gazli,UZ,40.1333,63.45,65.73,28,89,10.2,overcast clouds
71,Jutai,BR,-5.1833,-68.9,72.79,98,97,1.7,overcast clouds
72,High River,CA,50.5834,-113.8687,55.69,50,74,4.9,broken clouds
73,Nome,US,64.5011,-165.4064,44.17,72,6,5.79,clear sky
74,Touros,BR,-5.1989,-35.4608,77.09,85,8,11.63,clear sky
75,Mahebourg,MU,-20.4081,57.7,73.69,94,40,6.91,scattered clouds
76,Ahipara,NZ,-35.1667,173.1667,66.51,57,55,8.61,broken clouds
77,Chavakkad,IN,10.5333,76.05,81.75,87,16,4.09,few clouds
78,Punta Arenas,CL,-53.15,-70.9167,35.71,75,40,8.05,scattered clouds
79,Kurumkan,RU,54.3,110.3,35.89,47,98,3.98,overcast clouds
80,Coquimbo,CL,-29.9533,-71.3436,60.53,82,0,6.91,clear sky
81,Tuatapere,NZ,-46.1333,167.6833,55.69,81,91,5.75,overcast clouds
82,Tual,ID,-5.6667,132.75,83.91,73,93,5.17,overcast clouds
83,Talnakh,RU,69.4865,88.3972,15.21,95,99,8.86,overcast clouds
84,Sept-Iles,CA,50.2001,-66.3821,35.06,96,100,0.0,fog
85,Cherskiy,RU,68.75,161.3,33.39,97,96,2.55,overcast clouds
86,Cap Malheureux,MU,-19.9842,57.6142,73.47,79,13,5.01,few clouds
87,Safonovo,RU,55.15,33.2167,38.19,85,83,4.27,broken clouds
88,Albany,US,42.6001,-73.9662,52.18,89,100,3.0,moderate rain
89,Ust-Kuyga,RU,70.0167,135.6,13.48,86,45,4.81,scattered clouds
90,Galesong,ID,-5.3166,119.3661,80.62,75,100,7.11,overcast clouds
91,Kisangani,CD,0.5167,25.2,70.23,97,100,2.64,overcast clouds
92,Staunton,US,38.1496,-79.0717,56.32,94,40,3.44,scattered clouds
93,Jamestown,US,42.097,-79.2353,42.03,56,75,13.0,broken clouds
94,Santarem,BR,-2.4431,-54.7083,74.64,97,100,2.51,overcast clouds
95,Fortuna,US,40.5982,-124.1573,55.09,67,100,17.27,overcast clouds
96,Sitka,US,57.0531,-135.33,46.58,74,81,4.88,broken clouds
97,Simao,CN,22.7886,100.9748,74.71,37,0,2.91,clear sky
98,Ostersund,SE,63.1792,14.6357,27.05,80,44,8.05,scattered clouds
99,Adlay,PH,9.4097,125.8975,84.72,73,100,5.7,overcast clouds
100,Khatanga,RU,71.9667,102.5,17.83,87,100,9.75,overcast clouds
101,Inhambane,MZ,-23.865,35.3833,69.84,70,0,10.92,clear sky
102,Taree,AU,-31.9,152.4667,70.07,77,100,2.48,overcast clouds
103,Sur,OM,22.5667,59.5289,85.23,44,79,11.1,broken clouds
104,Kutum,SD,14.2,24.6667,77.83,24,78,7.9,broken clouds
105,Kaitangata,NZ,-46.2817,169.8464,55.26,77,77,6.24,broken clouds
106,Kapaa,US,22.0752,-159.319,80.58,77,64,5.99,broken clouds
107,Lazaro Cardenas,MX,17.9583,-102.2,79.14,60,1,5.7,clear sky
108,Praia,CV,14.9215,-23.5087,70.88,79,44,18.54,scattered clouds
109,Port Lincoln,AU,-34.7333,135.8667,65.48,72,43,6.02,scattered clouds
110,Te Anau,NZ,-45.4167,167.7167,55.76,67,61,1.03,broken clouds
111,Adrar,MR,20.5022,-10.0711,69.51,36,0,10.36,clear sky
112,Hermanus,ZA,-34.4187,19.2345,50.81,81,0,9.91,clear sky
113,Shimoda,JP,34.6667,138.95,69.08,95,100,18.75,overcast clouds
114,Bulgan,MN,48.8125,103.5347,38.23,23,65,1.01,broken clouds
115,Pervomayskoye,RU,43.919,46.7102,58.42,59,100,12.08,overcast clouds
116,Cravo Norte,CO,6.3017,-70.2041,84.4,64,99,6.35,overcast clouds
117,Kizukuri,JP,40.8061,140.3861,56.1,67,47,21.0,scattered clouds
118,Port Augusta,AU,-32.5,137.7667,67.53,70,9,3.65,clear sky
119,Sorong,ID,-0.8833,131.25,83.64,69,21,4.0,few clouds
120,Bandiagara,ML,14.3501,-3.6104,84.0,19,9,10.67,clear sky
121,Ust-Nera,RU,64.5667,143.2,20.3,82,100,5.53,overcast clouds
122,Saint-Augustin,CA,51.226,-58.6502,34.48,97,100,8.05,light snow
123,Uporovo,RU,56.3109,66.2693,50.18,75,100,9.42,overcast clouds
124,Hasaki,JP,35.7333,140.8333,72.28,83,100,19.17,heavy intensity rain
125,Hanzhong,CN,33.0728,107.0303,68.59,72,90,2.13,overcast clouds
126,Bredasdorp,ZA,-34.5322,20.0403,53.24,83,0,3.44,clear sky
127,Klaksvik,FO,62.2266,-6.589,34.72,68,75,6.17,broken clouds
128,Ludza,LV,56.55,27.7167,33.67,86,83,4.27,broken clouds
129,Cape Town,ZA,-33.9258,18.4232,59.92,74,0,8.99,clear sky
130,Nove Hrady,CZ,48.7896,14.7784,43.99,90,100,5.28,moderate rain
131,Torrington,US,41.8007,-73.1212,53.83,97,100,1.57,light rain
132,Lerwick,GB,60.1545,-1.1494,37.4,66,99,8.05,overcast clouds
133,Nouadhibou,MR,20.931,-17.0347,64.13,87,0,21.5,clear sky
134,Huilong,CN,31.8111,121.655,63.93,71,100,16.46,overcast clouds
135,Nemuro,JP,43.3236,145.575,44.56,98,100,21.99,overcast clouds
136,Mar Del Plata,AR,-38.0023,-57.5575,64.42,100,75,15.01,thunderstorm with light rain
137,Iralaya,HN,15.0,-83.2333,77.27,86,100,9.95,overcast clouds
138,Plouzane,FR,48.3833,-4.6167,50.05,87,0,11.5,clear sky
139,Neiafu,TO,-18.65,-173.9833,79.48,89,75,4.61,broken clouds
140,Mehamn,NO,71.0357,27.8492,18.91,73,100,28.99,light snow
141,Naspur,IN,18.8333,79.45,88.83,38,39,8.63,scattered clouds
142,Wasilla,US,61.5814,-149.4394,58.55,38,0,0.0,clear sky
143,At-Bashi,KG,41.1702,75.8106,44.28,70,100,2.3,overcast clouds
144,Svetlogorsk,BY,52.6333,29.7333,44.2,80,100,6.6,overcast clouds
145,Jalu,LY,29.0331,21.5482,76.24,19,99,15.28,overcast clouds
146,Jacareacanga,BR,-6.2222,-57.7528,77.32,76,94,0.69,overcast clouds
147,Laguna,US,38.421,-121.4238,79.75,40,0,12.66,clear sky
148,Severo-Kurilsk,RU,50.6789,156.125,33.66,82,100,6.91,overcast clouds
149,Bethel,US,41.3712,-73.414,55.36,93,100,4.0,overcast clouds
150,Gandorhun,SL,7.5,-11.8333,77.97,89,94,1.34,overcast clouds
151,Tasiilaq,GL,65.6145,-37.6368,30.36,92,78,4.09,broken clouds
152,Karaman,TR,37.0833,33.25,52.5,31,76,7.81,broken clouds
153,Faya,SA,18.3851,42.4509,62.58,47,0,5.28,clear sky
154,Aasiaat,GL,68.7098,-52.8699,31.5,90,100,4.99,overcast clouds
155,Barrow,US,71.2906,-156.7887,10.42,85,100,12.66,light snow
156,Nizhniy Ufaley,RU,55.9153,59.9842,50.79,75,20,9.48,few clouds
157,Saskylakh,RU,71.9167,114.0833,14.83,82,98,2.73,overcast clouds
158,Riverton,US,40.5219,-111.9391,69.04,21,0,9.22,clear sky
159,Lebu,CL,-37.6167,-73.65,49.69,83,55,10.4,broken clouds
160,Neuquen,AR,-38.9516,-68.0591,53.49,37,0,11.5,clear sky
161,Arrecife,ES,28.963,-13.5477,64.38,72,0,13.8,clear sky
162,Faanui,PF,-16.4833,-151.75,82.02,74,25,20.27,light rain
163,Malatya,TR,38.5,38.0,46.45,66,0,4.61,clear sky
164,Solnechnyy,RU,50.7214,136.6319,28.17,92,100,17.09,snow
165,Ostrovnoy,RU,68.0531,39.5131,15.55,78,27,25.37,scattered clouds
166,Simpang,ID,-1.2667,104.0833,82.51,79,71,0.25,broken clouds
167,Nanortalik,GL,60.1432,-45.2371,36.91,82,100,10.2,overcast clouds
168,Victoria,HK,22.2855,114.1577,85.96,78,0,5.99,clear sky
169,Careiro Da Varzea,BR,-3.2003,-59.8119,79.41,88,100,3.85,light rain
170,Rafsanjan,IR,30.4067,55.9939,66.6,40,100,3.67,overcast clouds
171,Alofi,NU,-19.0595,-169.9187,77.34,81,100,17.98,light rain
172,Saint George,US,37.1041,-113.5841,84.25,6,0,5.75,clear sky
173,Grenaa,DK,56.4158,10.8783,42.6,88,17,7.47,few clouds
174,Abbeville,FR,50.1,1.8333,41.49,94,0,6.11,clear sky
175,Kasaragod,IN,12.5,75.0,78.82,87,0,3.44,clear sky
176,Ous,RU,60.9058,61.5186,47.53,96,100,6.11,overcast clouds
177,Sistranda,NO,63.7256,8.834,31.96,57,100,7.87,light snow
178,De Aar,ZA,-30.6497,24.0123,47.93,51,0,8.84,clear sky
179,Virden,US,39.5009,-89.7679,53.31,62,0,4.43,clear sky
180,Torbay,CA,47.6666,-52.7314,35.76,95,100,10.0,fog
181,Hamilton,US,39.1834,-84.5333,51.01,58,3,3.0,clear sky
182,Kapoeta,SS,4.7717,33.5903,76.8,65,92,4.92,overcast clouds
183,Havre-Saint-Pierre,CA,50.2334,-63.5986,37.76,100,100,3.44,mist
184,Guilin,CN,25.2819,110.2864,76.41,84,41,4.07,scattered clouds
185,Rio Grande,BR,-32.035,-52.0986,68.95,88,48,16.51,scattered clouds
186,Durango,MX,24.8333,-104.8333,54.5,81,100,16.84,overcast clouds
187,Krasnoselkup,RU,65.7,82.4667,22.01,89,100,11.61,overcast clouds
188,Samarai,PG,-10.6167,150.6667,84.31,69,95,0.85,overcast clouds
189,Katsuura,JP,35.1333,140.3,69.82,90,100,23.82,moderate rain
190,Lianran,CN,24.9227,102.485,69.12,33,0,4.94,clear sky
191,Cabo San Lucas,MX,22.8909,-109.9124,85.6,63,0,11.65,clear sky
192,Pontian Kecil,MY,1.4801,103.3899,81.43,83,81,4.54,broken clouds
193,Lima,PE,-12.0432,-77.0282,69.91,74,100,7.34,overcast clouds
194,Bossangoa,CF,6.4926,17.4552,70.48,94,100,4.97,light rain
195,Guerrero Negro,MX,27.9769,-114.0611,66.85,62,8,17.56,clear sky
196,Bandarbeyla,SO,9.4942,50.8122,80.82,82,65,3.02,broken clouds
197,Mumbwa,ZM,-14.9783,27.0619,61.81,90,14,5.01,few clouds
198,Wesselsbron,ZA,-27.8549,26.3658,47.88,39,0,5.79,clear sky
199,Tigil,RU,57.8,158.6667,32.02,83,100,7.45,overcast clouds
200,Mana,GF,5.6592,-53.7767,78.26,90,100,6.08,overcast clouds
201,Hualmay,PE,-11.0964,-77.6139,67.69,86,94,8.68,overcast clouds
202,Kindersley,CA,51.4668,-109.1682,59.59,38,100,26.19,overcast clouds
203,Chuy,UY,-33.6971,-53.4616,69.03,87,100,14.88,overcast clouds
204,Gainesville,US,29.6516,-82.3248,76.95,65,40,6.91,scattered clouds
205,Zapolyarnyy,RU,69.4154,30.8136,15.08,78,96,23.04,overcast clouds
206,Monrovia,LR,6.3005,-10.7969,80.31,86,98,6.78,light rain
207,Bathsheba,BB,13.2167,-59.5167,78.17,84,100,6.78,overcast clouds
208,Meadow Lake,US,34.8014,-106.5436,73.29,20,100,17.54,overcast clouds
209,Svidnik,SK,49.3082,21.5703,49.87,88,100,4.52,overcast clouds
210,Ulaangom,MN,49.9811,92.0667,41.45,23,100,1.23,overcast clouds
211,Chokurdakh,RU,70.6333,147.9167,13.86,91,100,9.31,overcast clouds
212,Gao,ML,16.6362,1.637,80.01,21,0,11.23,clear sky
213,Inverell,AU,-29.7833,151.1167,64.17,67,100,8.01,light rain
214,Resistencia,AR,-27.4606,-58.9839,86.05,77,0,11.5,clear sky
215,Manjacaze,MZ,-24.7117,33.8828,65.41,82,0,5.53,clear sky
216,Alihe,CN,50.5667,123.7167,43.07,31,80,9.08,broken clouds
217,Vao,NC,-22.6667,167.4833,75.06,58,100,18.75,overcast clouds
218,Quatre Cocos,MU,-20.2078,57.7625,73.51,81,37,8.5,light rain
219,Geraldton,AU,-28.7667,114.6,66.61,82,40,10.36,light rain
220,San Policarpo,PH,12.1791,125.5072,81.5,86,100,11.32,moderate rain
221,Myitkyina,MM,25.3833,97.4,81.16,44,0,1.57,clear sky
222,Ketchikan,US,55.3422,-131.6461,47.37,64,100,4.0,overcast clouds
223,Columbus,US,39.9612,-82.9988,45.01,65,20,8.05,few clouds
224,Jijiga,ET,9.35,42.8,63.75,82,47,3.15,scattered clouds
225,Palmerston,AU,-12.486,130.9833,87.78,70,20,4.61,few clouds
226,Dunedin,NZ,-45.8742,170.5036,54.81,84,94,7.0,overcast clouds
227,Olafsvik,IS,64.8945,-23.7142,42.31,78,91,3.65,overcast clouds
228,Bengkulu,ID,-3.8004,102.2655,79.97,81,33,3.87,scattered clouds
229,Nha Trang,VN,12.25,109.1833,86.0,68,88,0.51,overcast clouds
230,Portland,US,45.5234,-122.6762,56.95,69,93,8.99,overcast clouds
231,Itarema,BR,-2.9248,-39.9167,76.33,87,97,9.6,overcast clouds
232,Beaune,FR,47.0833,4.75,40.64,96,0,6.4,clear sky
233,Kyren,RU,51.6828,102.1408,39.42,39,22,1.34,few clouds
234,Dvinskoy,RU,62.1535,45.1175,35.17,98,100,4.09,overcast clouds
235,Pacific Grove,US,36.6177,-121.9166,67.55,70,20,14.0,few clouds
236,Tura,IN,25.5198,90.2201,75.94,89,5,6.8,clear sky
237,Shelburne,CA,44.0787,-80.2041,32.13,89,100,8.84,overcast clouds
238,Oruro,BO,-17.9833,-67.15,48.9,16,17,7.49,few clouds
239,Iquitos,PE,-3.7481,-73.2472,76.69,77,100,2.19,overcast clouds
240,General Roca,AR,-39.0333,-67.5833,54.63,39,100,17.72,overcast clouds
241,Kaeo,NZ,-35.1,173.7833,66.33,73,10,1.01,clear sky
242,Luderitz,NA,-26.6481,15.1594,63.95,47,0,9.35,clear sky
243,Tripoli,LY,32.8752,13.1875,63.59,72,7,13.58,clear sky
244,Yar-Sale,RU,66.8333,70.8333,34.16,99,100,21.65,light snow
245,Tabou,CI,4.423,-7.3528,79.11,85,100,4.97,light rain
246,Gamba,GA,-2.65,10.0,77.56,91,100,4.61,light rain
247,Banda Aceh,ID,5.5577,95.3222,81.21,85,100,7.0,overcast clouds
248,Bria,CF,6.5423,21.9863,70.52,95,100,3.62,overcast clouds
249,Leningradskiy,RU,69.3833,178.4167,20.21,85,94,13.29,overcast clouds
250,Aswan,EG,24.0934,32.907,79.38,27,65,5.35,broken clouds
251,Natal,BR,-5.795,-35.2094,77.65,94,75,3.44,broken clouds
252,Auki,SB,-8.7676,160.7034,85.71,68,99,0.49,overcast clouds
253,Tilichiki,RU,60.4667,166.1,31.46,99,100,6.71,overcast clouds
254,Louiseville,CA,46.2559,-72.9415,50.95,82,100,7.92,overcast clouds
255,Tarboro,US,35.8968,-77.5358,64.31,94,40,5.75,scattered clouds
256,Mitsamiouli,KM,-11.3847,43.2844,80.35,78,85,3.38,overcast clouds
257,Upington,ZA,-28.4478,21.2561,57.0,33,0,9.48,clear sky
258,Port Blair,IN,11.6667,92.75,80.64,89,75,2.3,mist
259,Sao Paulo De Olivenca,BR,-3.3783,-68.8725,73.81,99,100,1.77,very heavy rain
260,Dingli,MT,35.8614,14.3822,59.81,94,0,4.61,clear sky
261,Ambon,ID,-3.6954,128.1814,86.14,74,20,2.3,few clouds
262,Misratah,LY,32.3754,15.0925,64.2,76,18,12.88,few clouds
263,Kalmunai,LK,7.4167,81.8167,80.29,81,100,3.47,overcast clouds
264,Half Moon Bay,US,37.4636,-122.4286,66.18,67,0,23.02,haze
265,Sao Joao Da Barra,BR,-21.6403,-41.0511,75.49,88,5,8.75,clear sky
266,Tulun,RU,54.5611,100.5792,42.58,48,100,13.73,overcast clouds
267,Ryotsu,JP,38.0833,138.4333,56.71,55,100,2.62,overcast clouds
268,Sao Sepe,BR,-30.1606,-53.5653,68.72,98,64,5.19,broken clouds
269,Kokopo,PG,-4.352,152.2633,84.94,66,15,4.0,few clouds
270,Pareora,NZ,-44.4871,171.2132,58.17,92,65,10.0,broken clouds
271,Yerbogachen,RU,61.2767,108.0108,33.75,70,28,9.98,scattered clouds
272,Mahuva,IN,21.0914,71.7622,82.67,46,0,6.98,clear sky
273,Sotouboua,TG,8.5667,0.9833,78.06,74,100,6.11,overcast clouds
274,Puro,PH,12.4841,123.3827,82.78,78,100,11.03,overcast clouds
275,Rawson,AR,-43.3002,-65.1023,53.4,28,100,14.83,overcast clouds
276,Honningsvag,NO,70.9821,25.9704,20.95,68,20,18.41,few clouds
277,Bilibino,RU,68.0546,166.4372,30.97,80,100,4.14,overcast clouds
278,Beringovskiy,RU,63.05,179.3167,32.47,99,100,7.92,overcast clouds
279,Presidencia Roque Saenz Pena,AR,-26.7852,-60.4388,91.18,36,97,15.17,light rain
280,Lavrentiya,RU,65.5833,-171.0,26.56,83,61,1.77,broken clouds
281,Bintulu,MY,3.1667,113.0333,75.51,94,100,2.89,overcast clouds
282,Taoudenni,ML,22.6783,-3.9836,75.9,25,0,10.92,clear sky
283,Ugoofaaru,MV,5.6667,73.0,84.7,69,95,2.37,overcast clouds
284,Nyimba,ZM,-14.5566,30.8149,65.16,86,49,4.9,scattered clouds
285,Sibolga,ID,1.7427,98.7792,81.27,74,100,1.45,overcast clouds
286,Hovd,MN,48.0056,91.6419,40.1,36,87,1.86,overcast clouds
287,Paraibano,BR,-6.4331,-43.9836,72.18,77,2,2.55,clear sky
288,Bambous Virieux,MU,-20.3428,57.7575,73.65,88,20,9.22,light rain
289,Padang,ID,-0.9492,100.3543,80.65,78,41,3.22,scattered clouds
290,Ikom,NG,5.9667,8.7063,77.22,88,100,1.21,overcast clouds
291,Los Llanos De Aridane,ES,28.6585,-17.9182,60.55,79,40,8.05,scattered clouds
292,Tadine,NC,-21.55,167.8833,76.32,58,100,17.34,overcast clouds
293,Ambilobe,MG,-13.2,49.05,69.85,85,84,3.44,broken clouds
294,Evensk,RU,61.95,159.2333,30.47,91,92,2.48,overcast clouds
295,Henties Bay,NA,-22.116,14.2845,63.54,70,5,6.02,clear sky
296,Zhigansk,RU,66.7697,123.3711,17.94,87,17,13.96,few clouds
297,Mao,ES,39.8885,4.2658,54.16,94,0,4.61,clear sky
298,Homer,US,59.6425,-151.5483,52.03,72,0,11.5,clear sky
299,Yalutorovsk,RU,56.6536,66.3006,49.28,78,100,10.04,overcast clouds
300,Pinawa,CA,50.1489,-95.8811,29.26,90,26,2.75,scattered clouds
301,Lakes Entrance,AU,-37.8811,147.981,63.16,61,100,3.96,overcast clouds
302,Viedma,AR,-40.8135,-62.9967,61.25,31,100,15.68,overcast clouds
303,La Primavera,CO,5.4906,-70.4092,79.66,79,100,6.8,overcast clouds
304,Perelyub,RU,51.8667,50.3667,57.81,65,100,13.67,overcast clouds
305,Kalga,RU,50.9251,118.898,39.6,28,9,12.93,clear sky
306,Ashqelon,IL,31.6693,34.5715,63.82,80,89,5.23,overcast clouds
307,Wagar,SD,16.1525,36.2032,87.93,15,100,4.54,overcast clouds
308,Korla,CN,41.7597,86.1469,55.27,47,0,15.68,clear sky
309,Batagay-Alyta,RU,67.8006,130.4114,15.35,82,100,3.04,overcast clouds
310,Panalingaan,PH,8.7842,117.4231,80.46,81,100,1.7,overcast clouds
311,Kudahuvadhoo,MV,2.6708,72.8944,83.46,72,27,1.77,scattered clouds
312,Ponta Do Sol,PT,32.6667,-17.1,61.72,62,0,2.84,clear sky
313,Tororo,UG,0.693,34.1809,64.44,96,100,7.7,moderate rain
314,Sharanga,RU,57.1775,46.5396,48.72,95,100,5.91,moderate rain
315,De-Kastri,RU,51.4667,140.7833,31.89,97,100,14.58,snow
316,Sao Gabriel Da Cachoeira,BR,-0.1303,-67.0892,72.37,99,100,1.41,light rain
317,Kahului,US,20.8947,-156.47,84.22,66,20,21.85,few clouds
318,Eyl,SO,7.9803,49.8164,80.15,78,99,6.6,overcast clouds
319,Monzon,ES,41.9108,0.1941,58.42,60,76,2.86,broken clouds
320,Adelaide,AU,-34.9333,138.6,70.16,71,75,6.91,broken clouds
321,Khoy,IR,38.5504,44.9535,55.33,76,55,2.21,broken clouds
322,Dubasari,MD,47.2631,29.1608,53.29,71,83,5.82,light rain
323,Strai,NO,58.2,7.9,38.1,66,100,5.75,overcast clouds
324,Grand-Santi,GF,4.25,-54.3833,73.76,99,96,2.13,moderate rain
325,Riberalta,BO,-10.9833,-66.1,79.95,76,80,2.1,broken clouds
326,Beloha,MG,-25.1667,45.05,72.27,90,100,12.93,overcast clouds
327,Batagay,RU,67.6333,134.6333,19.11,85,100,5.01,overcast clouds
328,Emerald,AU,-23.5333,148.1667,75.34,69,5,14.7,clear sky
329,Vila Franca Do Campo,PT,37.7167,-25.4333,65.19,92,22,10.2,few clouds
330,Chapais,CA,49.7834,-74.8492,28.18,92,100,5.55,overcast clouds
331,Sakakah,SA,29.9697,40.2064,71.06,39,25,5.93,scattered clouds
332,Namatanai,PG,-3.6667,152.4333,84.85,71,15,8.12,light rain
333,Camacha,PT,33.0833,-16.3333,58.42,77,20,6.91,few clouds
334,Asilah,MA,35.465,-6.0348,58.96,84,6,5.97,clear sky
335,Evans,US,33.5337,-82.1307,73.6,65,75,5.75,broken clouds
336,Pemangkat,ID,1.1667,108.9667,81.54,77,97,4.7,overcast clouds
337,Saint-Joseph,RE,-21.3667,55.6167,71.98,81,26,3.11,light rain
338,Plettenberg Bay,ZA,-34.0527,23.3716,55.51,80,0,3.42,clear sky
339,Port Hardy,CA,50.6996,-127.4199,45.55,78,100,4.76,light rain
340,Salalah,OM,17.0151,54.0924,77.85,82,7,1.59,clear sky
341,Tobermory,CA,45.2501,-81.6665,32.67,67,8,21.83,clear sky
342,Jaru,BR,-10.4389,-62.4664,74.37,90,44,0.89,scattered clouds
343,Guerrero,MX,17.6667,-100.0,75.0,54,23,3.62,few clouds
344,Tondano,ID,1.3038,124.9112,71.69,78,100,1.97,moderate rain
345,Dakar,SN,14.6937,-17.4441,67.08,82,94,20.07,overcast clouds
346,Grindavik,IS,63.8424,-22.4338,41.47,93,75,3.44,broken clouds
347,Fort Abbas,PK,29.1925,72.8536,84.61,13,0,8.01,clear sky
348,Ribeira Grande,PT,38.5167,-28.7,63.21,94,89,24.34,overcast clouds
349,Jalalabad,AF,34.4265,70.4515,76.46,23,13,1.79,few clouds
350,Zabol,AF,32.25,67.25,63.57,18,66,5.84,broken clouds
351,Virginia Beach,US,36.8529,-75.978,63.01,85,100,1.99,overcast clouds
352,Dicabisagan,PH,17.0818,122.4157,85.32,70,24,5.61,few clouds
353,Lafiagi,NG,8.8667,5.4167,81.57,69,100,4.32,overcast clouds
354,Tahta,EG,26.7693,31.5021,78.57,28,0,6.93,clear sky
355,Rocha,UY,-34.4833,-54.3333,70.21,80,100,16.87,overcast clouds
356,Puerto Ayacucho,VE,5.6639,-67.6236,75.42,94,99,5.21,light rain
357,Quzhou,CN,28.9594,118.8686,71.87,76,51,11.07,broken clouds
358,Sandi,IN,27.3,79.95,85.24,13,0,1.03,clear sky
359,Westport,US,41.1415,-73.3579,56.08,95,100,4.61,overcast clouds
360,Lata,PT,40.1629,-8.3327,54.07,96,0,1.5,clear sky
361,Marzuq,YE,14.4,46.4667,74.28,56,100,1.36,overcast clouds
362,Elbistan,TR,38.2059,37.1983,56.46,48,7,2.13,clear sky
363,Mahanoro,MG,-19.9,48.8,71.64,92,13,6.29,few clouds
364,Smithers,CA,54.7804,-127.1743,49.64,34,40,5.23,scattered clouds
365,Pecos,US,31.4229,-103.4932,70.63,49,0,19.57,clear sky
366,Yakeshi,CN,49.2833,120.7333,39.97,37,68,12.17,broken clouds
367,Utete,TZ,-7.986,38.758,69.37,99,100,3.11,overcast clouds
368,San Cristobal,VE,7.7669,-72.225,73.58,96,100,1.57,overcast clouds
369,Srednekolymsk,RU,67.45,153.6833,23.02,93,100,12.97,light snow
370,Lorengau,PG,-2.0226,147.2712,83.43,81,95,10.27,overcast clouds
371,Port Hedland,AU,-20.3167,118.5667,82.45,51,75,9.22,light rain
372,Freetown,SL,8.484,-13.2299,78.51,84,94,7.09,overcast clouds
373,Netrakona,BD,24.8833,90.7167,79.54,85,49,9.69,scattered clouds
374,Ak-Dovurak,RU,51.1833,90.6,42.55,44,100,1.3,overcast clouds
375,Vestmanna,FO,62.1564,-7.1664,32.92,80,75,0.0,broken clouds
376,San Patricio,US,28.017,-97.5169,75.29,76,31,8.01,scattered clouds
377,Lichinga,MZ,-13.3128,35.2406,59.38,98,70,6.98,broken clouds
378,Zeya,RU,53.75,127.2667,42.1,33,100,6.11,overcast clouds
379,Ancud,CL,-41.8697,-73.8203,45.77,73,100,12.33,light rain
380,Esperance,AU,-33.8667,121.9,64.65,57,100,2.77,light rain
381,Carroll,US,39.5501,-77.0164,58.5,84,100,3.0,overcast clouds
382,Kodinsk,RU,58.6881,99.1844,31.48,87,79,9.24,broken clouds
383,Galveston,US,29.3669,-94.9669,76.17,72,100,4.61,overcast clouds
384,Kourou,GF,5.1552,-52.6478,82.11,89,100,4.72,overcast clouds
385,Gat,IL,31.61,34.7642,72.39,76,82,3.47,broken clouds
386,Airai,TL,-8.9266,125.4092,70.84,60,100,2.24,overcast clouds
387,Iquique,CL,-20.2208,-70.1431,64.44,78,100,4.03,overcast clouds
388,Beira,MZ,-19.8436,34.8389,71.53,91,84,14.36,light rain
389,Erenhot,CN,43.6475,111.9767,43.36,21,100,2.8,overcast clouds
390,Cururupu,BR,-1.8283,-44.8683,74.12,98,100,3.67,moderate rain
391,Mustafabad,PK,30.8922,73.4989,81.75,18,0,4.72,clear sky
392,Dudinka,RU,69.4058,86.1778,16.63,94,100,13.47,overcast clouds
393,Port Pirie,AU,-33.1833,138.0167,68.09,73,30,5.79,scattered clouds
394,Mantua,IT,45.1667,10.7833,52.34,90,1,1.99,clear sky
395,Sangin,AF,32.0728,64.8359,75.79,14,9,2.13,clear sky
396,Xining,CN,36.6167,101.7667,52.59,42,100,14.7,light rain
397,Sinyavskoye,RU,47.277,39.2789,65.75,70,87,7.23,overcast clouds
398,Innisfail,AU,-17.5333,146.0333,79.36,82,82,9.84,broken clouds
399,Micheweni,TZ,-4.9667,39.8333,78.82,83,99,7.58,moderate rain
400,Champerico,GT,14.3,-91.9167,84.78,67,32,7.94,scattered clouds
401,Kirovskiy,RU,45.0917,133.5136,46.87,50,80,22.41,broken clouds
402,Acapulco,MX,16.8634,-99.8901,80.42,78,20,9.22,few clouds
403,Zalesovo,RU,53.9939,84.7431,44.65,63,70,2.21,broken clouds
404,Novaya Igirma,RU,57.1334,103.9112,32.9,96,100,5.26,snow
405,Kharan,PK,28.5833,65.4167,78.89,25,0,5.23,clear sky
406,Ilulissat,GL,69.2167,-51.1,37.42,75,100,12.66,light intensity drizzle
407,Kralendijk,BQ,12.15,-68.2667,80.58,78,20,13.8,few clouds
408,Cayenne,GF,4.9333,-52.3333,82.09,1,40,2.3,scattered clouds
409,Waiuku,NZ,-37.25,174.75,69.85,63,100,4.41,overcast clouds
410,Agaro,ET,7.85,36.65,63.23,76,99,1.86,overcast clouds
411,Vardo,NO,70.3705,31.1107,21.58,70,98,31.07,light snow
412,Biryusinsk,RU,55.9634,97.8235,31.91,98,100,8.32,snow
413,Yumen,CN,40.2833,97.2,52.39,36,43,12.8,scattered clouds
414,Mount Gambier,AU,-37.8333,140.7667,63.18,69,93,6.89,overcast clouds
415,Moron,AR,-34.6534,-58.6198,75.09,89,68,5.41,broken clouds
416,Benguela,AO,-12.5763,13.4055,74.82,85,100,2.06,overcast clouds
417,Mykhaylivka,UA,47.2724,35.2224,52.88,76,6,7.83,clear sky
418,Tautira,PF,-17.7333,-149.15,81.3,74,10,18.41,clear sky
419,San Jeronimo,PE,-11.9472,-75.2829,49.73,86,100,3.85,overcast clouds
420,Roald,NO,62.5833,6.1333,37.54,70,100,11.5,overcast clouds
421,Tianpeng,CN,30.9866,103.9393,75.67,73,97,4.7,overcast clouds
422,Carnarvon,AU,-24.8667,113.6333,73.47,56,40,17.27,scattered clouds
423,Powell River,CA,49.8496,-124.5361,49.08,75,34,7.87,scattered clouds
424,Fairlie,GB,55.756,-4.8556,45.41,77,100,5.57,overcast clouds
425,Barcelos,PT,41.5388,-8.6151,56.84,95,20,3.78,few clouds
426,Aksarka,RU,66.5606,67.7975,35.13,100,100,13.51,overcast clouds
427,Manali,IN,13.1667,80.2667,83.07,90,10,9.24,clear sky
428,Kolobrzeg,PL,54.1757,15.5834,46.96,64,100,2.37,overcast clouds
429,Raga,SS,8.4596,25.678,75.9,46,64,4.38,broken clouds
430,Makushino,RU,55.2103,67.2442,51.06,70,100,8.46,overcast clouds
431,Ewa Beach,US,21.3156,-158.0072,84.15,55,75,17.27,broken clouds
432,Wahiawa,US,21.5028,-158.0236,80.92,61,0,17.27,clear sky
433,Aksu,CN,41.1231,80.2644,61.2,20,100,10.92,overcast clouds
434,Matagami,CA,49.7502,-77.6328,19.51,79,100,10.36,overcast clouds
435,Tarauaca,BR,-8.1614,-70.7656,73.67,95,100,1.14,overcast clouds
436,Sunrise Manor,US,36.2111,-115.0731,90.01,5,0,13.8,clear sky
437,Medeiros Neto,BR,-17.3739,-40.2206,70.02,93,0,4.94,clear sky
438,Alekseyevsk,RU,57.8406,108.3492,34.14,96,100,7.25,snow
439,Antofagasta,CL,-23.65,-70.4,61.88,84,100,5.12,overcast clouds
440,Pimentel,PE,-6.8367,-79.9342,66.45,89,28,13.29,scattered clouds
441,Cabedelo,BR,-6.9811,-34.8339,77.67,80,0,11.83,clear sky
442,Bull Savanna,JM,17.8868,-77.5902,73.99,83,60,5.19,broken clouds
443,Manta,EC,-0.95,-80.7333,76.78,83,75,9.22,broken clouds
444,Walvis Bay,NA,-22.9575,14.5053,60.1,59,1,5.88,clear sky
445,Albino,IT,45.7638,9.7964,51.13,87,0,3.44,clear sky
446,Kavaratti,IN,10.5669,72.642,85.01,72,6,5.48,clear sky
447,Anadyr,RU,64.75,177.4833,30.7,100,75,24.61,light snow
448,Sanislau,RO,47.6333,22.3333,40.86,91,14,6.11,few clouds
449,Kavieng,PG,-2.5744,150.7967,85.71,69,17,15.66,light rain
450,Santa Luzia,BR,-19.7697,-43.8514,72.5,90,0,4.32,clear sky
451,Linhares,BR,-19.3911,-40.0722,70.66,95,0,0.72,clear sky
452,Da Nang,VN,16.0678,108.2208,85.98,70,0,3.44,clear sky
453,Omboue,GA,-1.5746,9.2618,78.13,90,100,7.54,light rain
454,Nantucket,US,41.2835,-70.0995,53.74,89,100,12.66,overcast clouds
455,Lyngdal,NO,58.1376,7.07,45.0,69,51,4.16,broken clouds
456,Port Moresby,PG,-9.4431,147.1797,84.36,71,51,5.12,broken clouds
457,Jiaojiang,CN,28.6803,121.4428,69.01,87,100,9.46,overcast clouds
458,Eldorado,BR,-23.7869,-54.2836,74.07,77,1,7.52,clear sky
459,Nadym,RU,65.5333,72.5167,33.35,96,100,23.33,snow
460,Matara,LK,5.9485,80.5353,78.67,86,29,1.66,scattered clouds
461,Cordoba,AR,-31.4135,-64.1811,77.23,93,20,8.05,few clouds
462,Umm Lajj,SA,25.0213,37.2685,79.41,45,99,1.5,overcast clouds
463,Harper,LR,4.375,-7.7169,79.2,85,100,6.02,light rain
464,Meulaboh,ID,4.1363,96.1285,77.32,80,100,3.18,overcast clouds
465,Kununurra,AU,-15.7667,128.7333,87.78,48,42,4.61,scattered clouds
466,Flin Flon,CA,54.7682,-101.865,31.48,72,0,10.45,clear sky
467,San Vicente,AR,-26.6167,-54.1333,74.62,75,0,7.56,clear sky
468,Sabha,LY,27.0377,14.4283,79.07,10,100,13.89,overcast clouds
469,Parabel,RU,58.6978,81.4825,36.95,95,100,6.6,overcast clouds
470,Cao Bang,VN,22.6667,106.25,78.3,88,92,3.49,overcast clouds
471,Sioux Lookout,CA,50.1001,-91.917,24.22,90,100,4.5,overcast clouds
472,Gairo,IT,39.8497,9.5047,48.74,62,6,3.91,clear sky
473,Porosozero,RU,62.7191,32.727,20.5,95,11,4.23,few clouds
474,Alice Springs,AU,-23.7,133.8833,78.35,34,48,8.05,scattered clouds
475,Mugur-Aksy,RU,50.35,90.5,27.34,82,100,2.33,light snow
476,Egvekinot,RU,66.3167,-179.1667,27.84,88,98,2.93,overcast clouds
477,Kalulushi,ZM,-12.8378,28.0919,57.34,95,92,3.78,overcast clouds
478,Mount Isa,AU,-20.7333,139.5,78.57,61,23,6.91,few clouds
479,Sarkand,KZ,45.41,79.9186,49.3,44,99,0.27,overcast clouds
480,Suez,EG,29.9737,32.5263,64.35,62,55,12.21,broken clouds
481,Malanje,AO,-9.5402,16.341,63.77,96,100,2.89,light rain
482,Nara,JP,34.6851,135.8049,72.91,93,100,9.22,moderate rain
483,Abha,SA,18.2164,42.5053,52.05,66,0,0.0,clear sky
484,Arriana,GR,41.0833,25.7,63.75,82,5,6.71,clear sky
485,Pokhara,NP,28.2333,83.9833,75.9,29,0,5.73,clear sky
486,Bima,ID,-8.4667,118.7167,82.36,69,100,3.69,overcast clouds
487,Oxbow,CA,49.2333,-102.1676,26.31,83,15,14.32,few clouds
488,Dunkwa,GH,5.9656,-1.78,75.27,97,100,2.01,overcast clouds
489,Barajevo,RS,44.5789,20.4158,56.48,83,16,2.53,few clouds
490,Tungor,RU,53.3808,142.9564,29.77,95,100,22.53,snow
491,Svetlyy,RU,54.675,20.1347,42.85,89,82,6.51,broken clouds
492,Marathon,US,44.9,-89.7668,35.13,56,100,11.5,overcast clouds
493,Kenai,US,60.5544,-151.2583,56.03,41,0,8.05,clear sky
494,Santa Cruz De Tenerife,ES,28.4682,-16.2546,63.63,84,40,16.11,scattered clouds
495,Muscatine,US,41.4667,-91.1335,51.64,40,0,5.75,clear sky
496,Nouakchott,MR,18.0858,-15.9785,69.73,63,0,19.24,clear sky
497,College,US,64.8569,-147.8028,52.12,37,75,8.05,broken clouds
498,Abay,KZ,49.6311,72.8539,34.18,44,30,3.51,scattered clouds
499,Waipawa,NZ,-41.4122,175.5153,55.99,75,58,12.53,broken clouds
500,Bay Roberts,CA,47.5999,-53.2648,35.65,91,48,4.0,scattered clouds
501,Celestun,MX,20.8667,-90.4,79.61,75,27,18.41,scattered clouds
502,Seoul,KR,37.5683,126.9778,65.59,22,0,6.91,clear sky
503,Hervey Bay,AU,-25.2986,152.8535,79.02,65,48,5.01,scattered clouds
504,The Pas,CA,53.8251,-101.2541,31.62,75,2,10.36,clear sky
505,Sola,VU,-13.8833,167.55,80.98,77,100,17.0,overcast clouds
506,Maceio,BR,-9.6658,-35.7353,72.84,94,20,2.3,few clouds
507,Dedovichi,RU,57.5517,29.9502,31.59,87,14,5.79,few clouds
508,Gondanglegi,ID,-7.7479,112.0132,80.01,82,99,3.78,overcast clouds
509,Fairbanks,US,64.8378,-147.7164,52.14,37,0,8.05,clear sky
510,Pitimbu,BR,-7.4706,-34.8086,77.59,76,0,11.86,clear sky
511,Sayyan,YE,15.1718,44.3244,57.47,64,82,2.64,broken clouds
512,Kaka,TM,37.3482,59.6143,67.91,42,100,2.46,overcast clouds
513,Awash,ET,8.9833,40.1667,72.52,62,81,4.56,broken clouds
514,Berck,FR,50.4,1.6,41.5,87,0,3.44,clear sky
515,Saint-Pierre,RE,-21.3393,55.4781,73.08,69,0,8.05,clear sky
516,Kortkeros,RU,61.8106,51.5806,41.0,91,40,5.91,scattered clouds
517,Jinxiang,CN,27.4327,120.6062,63.5,96,100,11.83,overcast clouds
518,Atchison,US,39.563,-95.1216,61.38,60,9,8.81,clear sky
519,Poronaysk,RU,49.2167,143.1167,30.25,97,100,17.54,snow
520,Melito Di Porto Salvo,IT,37.9222,15.7714,60.75,55,0,8.05,clear sky
521,Honiara,SB,-9.4333,159.95,86.22,67,70,4.97,broken clouds
522,Somerset West,ZA,-34.084,18.8211,59.88,75,0,8.01,clear sky
523,Turbiv,UA,49.3479,28.7212,42.64,90,9,5.79,clear sky
524,Bretcu,RO,46.05,26.3,46.76,91,69,4.9,broken clouds
525,Oistins,BB,13.0667,-59.5333,77.09,88,40,4.61,scattered clouds
526,Morondava,MG,-20.2833,44.2833,76.93,84,79,8.75,light rain
527,Latung,PH,5.5,120.8833,81.64,76,98,2.48,overcast clouds
528,Bonthe,SL,7.5264,-12.505,80.13,86,97,6.02,overcast clouds
529,Mokhsogollokh,RU,61.4681,128.9203,29.64,59,58,5.77,broken clouds
530,Kulhudhuffushi,MV,6.6221,73.07,84.36,71,58,1.36,broken clouds
531,Hojai,IN,26.0,92.8667,77.97,67,0,4.12,clear sky
532,Vakhrushev,RU,48.9833,142.9667,30.42,96,100,18.63,snow
533,Arlit,NE,18.7369,7.3853,79.7,13,0,6.33,clear sky
534,Yenagoa,NG,4.9247,6.2642,77.74,93,100,4.32,light rain
535,Mareeba,AU,-17.0,145.4333,82.67,79,29,3.42,scattered clouds
536,Road Town,VG,18.4167,-64.6167,77.09,69,75,10.36,broken clouds
537,Diphu,IN,25.8333,93.4333,78.64,58,0,1.68,clear sky
538,Kharod,IN,21.75,82.5667,85.37,17,13,3.58,few clouds
539,Marsh Harbour,BS,26.5412,-77.0636,74.59,70,0,11.39,clear sky
540,Sambava,MG,-14.2667,50.1667,71.47,83,78,5.84,broken clouds
541,Spassk,RU,52.747,87.7545,41.83,69,100,2.64,overcast clouds
542,Den Helder,NL,52.9599,4.7593,48.18,77,100,5.01,overcast clouds
543,Baykit,RU,61.67,96.37,31.93,71,35,3.4,scattered clouds
544,Casa Grande,US,32.8795,-111.7573,95.61,5,0,16.11,clear sky
545,Wukari,NG,7.85,9.7833,80.8,69,100,6.91,overcast clouds
546,Piacabucu,BR,-10.4056,-36.4344,77.34,78,8,8.43,clear sky
547,Zonguldak,TR,41.25,31.8333,40.05,65,100,2.68,overcast clouds
548,Biak,ID,-0.9131,122.8766,77.65,89,100,6.42,light rain
549,Wilmington Island,US,32.0036,-80.9737,71.69,66,20,4.61,few clouds
550,Altay,CN,47.8667,88.1167,41.11,74,76,2.77,broken clouds
551,Ginir,ET,7.1333,40.7,56.93,83,93,3.76,overcast clouds
552,Vila Velha,BR,-20.3297,-40.2925,74.95,92,20,3.44,few clouds
553,Grajau,BR,-5.8194,-46.1386,72.5,95,59,2.8,broken clouds
554,Constantine,DZ,36.365,6.6147,56.61,76,0,2.3,clear sky
555,La Asuncion,VE,11.0333,-63.8628,77.22,88,94,10.11,overcast clouds
556,Hajipur,IN,25.6833,85.2167,82.38,61,40,0.0,haze
557,Manavalakurichi,IN,8.1333,77.3,80.87,86,67,2.3,broken clouds
558,Havoysund,NO,70.9963,24.6622,21.43,78,100,25.95,light snow
559,Nalut,LY,30.3333,10.85,66.83,38,4,22.39,clear sky
560,La Ronge,CA,55.1001,-105.2842,37.35,73,11,10.87,few clouds
561,Brzeg Dolny,PL,51.273,16.7082,45.72,95,89,1.63,overcast clouds
562,Paamiut,GL,61.994,-49.6678,35.24,92,100,27.85,light snow
563,Anaconda,US,46.1285,-112.9423,49.19,70,34,12.48,scattered clouds
564,Northam,GB,51.0333,-4.2167,44.62,74,27,7.56,scattered clouds
565,Uyskoye,RU,54.3775,60.0047,49.48,74,18,8.7,few clouds
566,Kano,NG,12.0001,8.5167,85.77,12,98,6.76,overcast clouds
567,Iqaluit,CA,63.7506,-68.5145,-10.66,89,31,2.19,scattered clouds
568,Chegdomyn,RU,51.1167,133.0167,33.6,68,99,10.85,overcast clouds
569,Bolshevik,BY,54.0065,27.5692,37.02,73,98,7.25,overcast clouds
570,Lagoa,PT,39.05,-27.9833,61.54,92,92,24.05,overcast clouds
571,Horsham,GB,51.064,-0.3272,45.73,84,20,2.3,few clouds
572,Washington,US,47.5001,-120.5015,54.57,36,12,8.59,few clouds
573,Valea Ciorii,RO,44.7167,27.5667,56.34,71,30,4.52,scattered clouds
574,Krasnoye,UA,49.9145,24.6134,45.46,87,77,2.3,broken clouds
575,San Juan,AR,-31.5375,-68.5364,75.06,11,0,35.61,clear sky
576,Barra Patuca,HN,15.8,-84.2833,77.74,82,100,9.98,overcast clouds
577,Yarada,IN,17.65,83.2667,82.72,89,20,5.75,mist
578,Mandalgovi,MN,45.7625,106.2708,38.14,18,12,10.58,few clouds
579,Poum,NC,-20.2333,164.0167,78.98,64,100,21.03,overcast clouds
580,Khovu-Aksy,RU,51.1333,93.6,37.74,43,71,0.58,broken clouds
581,Xiongyue,CN,40.1774,122.1228,52.66,38,6,9.53,clear sky
582,Bagalkot,IN,16.1833,75.7,86.43,35,19,6.35,few clouds
583,Boyolangu,ID,-8.1181,111.8935,80.22,81,100,4.45,overcast clouds
584,Ambanja,MG,-13.6833,48.45,74.17,91,41,2.84,scattered clouds
585,Karpathos,GR,35.507,27.2132,60.76,94,2,9.22,clear sky
586,Bistret,RO,43.9,23.5,54.97,72,61,4.23,broken clouds
587,Husavik,IS,66.0449,-17.3389,37.26,99,100,7.09,overcast clouds
588,Seymchan,RU,62.8833,152.4333,21.85,74,100,8.86,overcast clouds
589,Labuhan,ID,-6.8844,112.2051,81.7,78,100,3.58,overcast clouds
590,Yulara,AU,-25.2406,130.9889,76.84,31,92,5.75,overcast clouds
591,Aguimes,ES,27.9054,-15.4461,61.66,72,40,16.11,scattered clouds
592,Douentza,ML,14.9951,-2.9517,82.31,22,3,6.76,clear sky
593,Baruun-Urt,MN,46.6806,113.2792,40.95,19,7,11.48,clear sky
594,Dongsheng,CN,39.8161,109.9776,45.37,43,100,10.42,overcast clouds
595,Hofn,IS,64.2539,-15.2082,43.12,78,23,10.58,few clouds
596,Bayshore Gardens,US,27.4253,-82.5904,78.22,66,0,6.91,clear sky
597,Port Macquarie,AU,-31.4333,152.9167,72.9,68,74,5.12,broken clouds
598,Hirara,JP,24.8,125.2833,79.41,86,11,15.01,few clouds
599,La Rioja,ES,42.25,-2.5,47.98,82,100,1.68,light rain
600,Khandbari,NP,27.3747,87.2039,72.61,44,2,2.82,clear sky
601,Miri,MY,4.4148,114.0089,80.47,84,100,5.79,moderate rain
602,Hambantota,LK,6.1241,81.1185,81.07,80,65,1.5,broken clouds
603,Hope,US,33.6671,-93.5916,66.25,66,0,5.84,clear sky
604,Acari,PE,-15.4311,-74.6158,72.25,74,100,4.59,overcast clouds
605,Asau,RO,46.4333,26.4,47.95,90,85,1.61,light rain
606,Strezhevoy,RU,60.7333,77.5889,33.67,96,99,3.56,overcast clouds
607,Pangnirtung,CA,66.1451,-65.7125,-9.83,86,14,8.46,few clouds
608,Priiskovyy,RU,51.9333,116.6333,39.15,27,0,9.06,clear sky
609,Wajir,KE,1.7471,40.0573,76.73,86,96,6.38,light rain
610,Zverinogolovskoye,RU,54.4586,64.8542,51.71,67,86,8.79,overcast clouds
611,Jibuti,DJ,11.5,42.5,75.76,80,34,10.67,scattered clouds
612,Kousseri,CM,12.0769,15.0306,91.06,33,54,5.84,broken clouds
613,Aleksandrov Gay,RU,50.147,48.5704,59.07,66,64,14.05,broken clouds
614,Ouadda,CF,8.0777,22.4007,71.76,77,100,3.44,overcast clouds
615,Sao Goncalo Do Amarante,BR,-3.6072,-38.9683,81.12,94,91,5.26,overcast clouds
616,Sackville,CA,45.9188,-64.3846,46.98,77,100,9.19,overcast clouds
617,Ternate,ID,0.8,127.4,83.82,73,30,3.83,scattered clouds
618,Nagina,IN,29.45,78.45,79.05,16,0,0.67,clear sky
619,Bedford,GB,52.1346,-0.4663,42.17,89,7,6.06,clear sky
620,Colares,PT,38.7992,-9.4469,59.76,78,0,14.0,clear sky
621,Berlin,DE,52.5244,13.4105,52.95,68,0,6.91,clear sky
622,Byron Bay,AU,-28.65,153.6167,75.94,76,47,6.38,scattered clouds
623,Leh,IN,34.1667,77.5833,38.43,55,1,1.72,clear sky
624,Kanbe,MM,16.7053,96.0017,84.25,67,44,7.96,scattered clouds
625,Ustka,PL,54.5805,16.8619,41.4,78,100,3.58,overcast clouds
626,Ibra,OM,22.6906,58.5334,77.61,43,100,1.16,overcast clouds
627,Sinnamary,GF,5.3833,-52.95,78.4,88,100,6.02,overcast clouds
628,Kruisfontein,ZA,-34.0033,24.7314,49.89,80,7,4.94,clear sky
629,Wajima,JP,37.4,136.9,55.6,62,100,5.03,overcast clouds
630,San Rafael,AR,-34.6177,-68.3301,57.78,40,17,21.07,few clouds
631,Suzun,RU,53.7841,82.3116,44.82,62,5,4.41,clear sky
632,Awjilah,LY,29.1081,21.2869,76.19,19,69,15.32,broken clouds
633,Isangel,VU,-19.55,169.2667,79.52,56,100,16.58,overcast clouds
634,Deputatskiy,RU,69.3,139.9,12.6,88,100,3.06,overcast clouds
635,Namibe,AO,-15.1961,12.1522,71.08,74,1,4.65,clear sky
636,Augusto Correa,BR,-1.0217,-46.635,74.88,95,100,4.25,overcast clouds
637,Sobolevo,RU,54.4299,31.8996,41.32,83,100,6.35,overcast clouds
638,Methoni,GR,36.8197,21.7049,61.21,69,88,11.25,overcast clouds
639,Olinda,BR,-8.0089,-34.8553,82.13,69,100,6.91,overcast clouds
640,North Bend,US,43.4065,-124.2243,56.25,81,40,9.22,scattered clouds
641,Valle De Allende,MX,26.9333,-105.4,64.11,60,100,16.58,overcast clouds
642,Tigre,AR,-34.426,-58.5796,75.34,88,100,10.36,overcast clouds
643,Polyarnyy,RU,69.1989,33.4478,21.56,66,100,26.8,overcast clouds
644,Yarim,YE,14.298,44.3779,55.51,64,50,4.72,scattered clouds
645,Atar,MR,20.5169,-13.0499,72.0,37,0,8.79,clear sky
646,Noumea,NC,-22.2763,166.4572,80.58,99,100,13.09,overcast clouds
647,Talara,PE,-4.5772,-81.2719,66.7,90,70,12.71,broken clouds
648,Bonito,BR,-21.1211,-56.4819,79.23,54,91,5.66,overcast clouds
649,Eskisehir,TR,39.7767,30.5206,57.92,64,0,5.75,clear sky
650,Pacifica,US,37.6138,-122.4869,65.84,71,20,23.02,haze
651,Atambua,ID,-9.1061,124.8925,80.56,63,90,0.94,overcast clouds
652,Lompoc,US,34.6391,-120.4579,58.93,75,0,27.0,clear sky
653,Naze,JP,28.3667,129.4833,68.92,80,100,15.12,light rain
654,Belmonte,BR,-15.8631,-38.8828,76.08,80,0,7.56,clear sky
655,Jiuquan,CN,39.7432,98.5174,53.71,35,66,8.52,broken clouds
656,Saint Stephen,GB,50.3333,-4.9,48.15,76,56,12.66,broken clouds
657,Caravelas,BR,-17.7125,-39.2481,75.02,83,0,5.21,clear sky
658,Guatire,VE,10.4762,-66.5427,79.7,97,100,1.21,overcast clouds
659,Abu Dhabi,AE,24.4667,54.3667,80.96,72,0,1.14,clear sky
660,Altamira,BR,-3.2033,-52.2064,73.22,98,100,1.54,moderate rain
661,Marawi,PH,7.9986,124.2928,78.12,76,100,1.95,overcast clouds
662,Antigonish,CA,45.6169,-61.9986,46.81,79,100,5.01,overcast clouds
663,Sawakin,SD,19.1059,37.3321,82.78,82,89,4.27,overcast clouds
664,Haines Junction,CA,60.7522,-137.5108,51.75,40,100,8.05,overcast clouds
665,Moerai,PF,-22.4333,-151.3333,80.22,79,80,15.7,broken clouds
666,Mahanje,TZ,-9.9333,35.3333,62.55,97,100,1.12,overcast clouds
667,Dafeng,CN,23.4517,108.5881,80.71,82,18,4.83,few clouds
668,Sirjan,IR,29.452,55.6814,60.78,48,79,2.71,broken clouds
669,Binay,PH,13.5028,122.5975,84.04,73,100,5.06,overcast clouds
670,Gambiran,ID,-6.7988,111.4951,80.82,79,93,3.0,overcast clouds
671,Ionia,US,42.9873,-85.0711,36.23,65,100,10.36,overcast clouds
672,Somerset,US,40.5668,-74.5496,60.58,91,100,1.99,light rain
673,Axim,GH,4.8699,-2.2405,79.27,88,100,7.4,light rain
674,Zlitan,LY,32.4674,14.5687,62.82,81,3,9.06,clear sky
675,Bar Harbor,US,44.3876,-68.2039,46.27,86,100,5.75,overcast clouds
676,Valparaiso,CL,-33.0393,-71.6273,58.48,89,100,2.3,overcast clouds
677,Punta Alta,AR,-38.8759,-62.0736,61.16,47,100,14.52,overcast clouds
678,Prince Rupert,CA,54.3161,-130.3201,44.29,93,100,8.05,light rain
679,Asuncion,PY,-25.3007,-57.6359,85.89,66,0,13.8,clear sky
680,Gizo,SB,-8.103,156.8419,84.92,70,59,7.14,light rain
681,Hay River,CA,60.8156,-115.7999,42.78,61,75,8.05,broken clouds
682,Basco,PH,20.4487,121.9702,82.89,80,15,15.3,few clouds
683,Ilave,PE,-16.0833,-69.6667,43.16,50,100,2.01,overcast clouds
684,Qaqortoq,GL,60.7167,-46.0333,36.48,86,100,3.44,overcast clouds
685,Korgen,NO,66.0771,13.8153,27.18,94,97,3.53,light snow
686,Dangriga,BZ,16.9692,-88.2321,78.24,83,29,9.8,scattered clouds
687,Whitianga,NZ,-36.8333,175.7,66.31,56,92,6.42,overcast clouds
688,Mongo,TD,12.1844,18.693,89.85,32,91,3.6,overcast clouds
689,Shellbrook,CA,53.2168,-106.4011,38.43,71,89,17.58,overcast clouds
690,Xinyu,CN,27.8043,114.9334,71.78,86,100,5.82,overcast clouds
691,Chiang Klang,TH,19.2938,100.8617,89.02,51,7,2.15,clear sky
692,Ambulu,ID,-8.345,113.6058,80.31,76,100,3.22,overcast clouds
693,Necochea,AR,-38.5473,-58.7368,63.41,99,100,10.92,moderate rain
694,Itaituba,BR,-4.2761,-55.9836,75.4,91,100,1.97,overcast clouds
695,Acton,GB,51.509,-0.2762,46.13,83,20,5.75,few clouds
696,Ust-Kut,RU,56.7938,105.7672,36.07,92,100,13.29,light rain
697,Loreto,MX,22.2667,-101.9667,63.7,59,100,21.0,overcast clouds
698,Ishigaki,JP,24.3448,124.1572,84.33,84,40,16.11,scattered clouds
699,Buala,SB,-8.145,159.5921,85.48,66,100,3.96,light rain
700,Christchurch,NZ,-43.5333,172.6333,62.42,69,75,5.75,broken clouds
701,Sanming,CN,26.2486,117.6186,80.35,82,56,0.65,moderate rain
702,Sungaipenuh,ID,-2.0833,101.3833,70.68,78,98,1.28,overcast clouds
703,Inta,RU,66.0317,60.1659,37.36,95,100,19.48,overcast clouds
704,Cockburn Town,TC,21.4612,-71.1419,76.68,69,0,18.16,clear sky
705,Haimen,CN,23.1935,116.6142,84.09,67,1,6.69,clear sky
